{
    "accuracy": [
        0.5395480394363403,
        0.645480215549469,
        0.7612994313240051,
        0.8368644118309021,
        0.8757061958312988,
        0.9152542352676392,
        0.9279661178588867,
        0.9435028433799744,
        0.9569209218025208,
        0.959039568901062,
        0.9639830589294434,
        0.9759886860847473,
        0.987994372844696,
        0.9851694703102112,
        0.9844632744789124,
        0.9851694703102112,
        0.9865819215774536,
        0.9894067645072937,
        0.991525411605835,
        0.9957627058029175,
        0.9971751570701599,
        0.9950565099716187,
        0.9950565099716187,
        0.9957627058029175,
        0.994350254535675,
        0.9964689016342163,
        0.9978813529014587,
        0.9964689016342163,
        0.994350254535675,
        0.9957627058029175,
        0.9985875487327576,
        0.9971751570701599,
        0.9964689016342163,
        0.9922316670417786,
        0.9971751570701599,
        0.9971751570701599,
        0.9978813529014587,
        0.9985875487327576,
        0.9978813529014587,
        0.9978813529014587,
        0.9964689016342163,
        0.9971751570701599,
        0.9978813529014587,
        1.0,
        0.9964689016342163,
        0.9971751570701599,
        0.9992938041687012,
        1.0,
        0.9985875487327576,
        1.0
    ],
    "loss": [
        2.131873846054077,
        0.9210823178291321,
        0.5483534932136536,
        0.3661709725856781,
        0.3055664002895355,
        0.19985142350196838,
        0.1741546094417572,
        0.14454326033592224,
        0.1063217967748642,
        0.09948606789112091,
        0.08947725594043732,
        0.05937153473496437,
        0.037004027515649796,
        0.04489253833889961,
        0.03942498192191124,
        0.040559783577919006,
        0.03385130688548088,
        0.02780657634139061,
        0.022127529606223106,
        0.017059173434972763,
        0.013237738981842995,
        0.017935141921043396,
        0.01654127426445484,
        0.015135898254811764,
        0.01471325010061264,
        0.012439066544175148,
        0.009523718617856503,
        0.01393963024020195,
        0.015197723172605038,
        0.010021296329796314,
        0.007982655428349972,
        0.008927145972847939,
        0.0071127102710306644,
        0.014029080979526043,
        0.005564255639910698,
        0.006404415238648653,
        0.00633658142760396,
        0.00593098858371377,
        0.008014634251594543,
        0.009290861897170544,
        0.009506840258836746,
        0.00618002051487565,
        0.004583359230309725,
        0.0023167384788393974,
        0.00919059757143259,
        0.004381319507956505,
        0.0026738662272691727,
        0.001693728961981833,
        0.00751733360812068,
        0.0019116546027362347
    ],
    "val_accuracy": [
        0.7465535402297974,
        0.8579003214836121,
        0.9501590728759766,
        0.9650052785873413,
        0.9798515439033508,
        0.9766702055931091,
        0.9819724559783936,
        0.9957582354545593,
        0.9957582354545593,
        1.0,
        0.9978790879249573,
        0.998939573764801,
        0.998939573764801,
        0.9978790879249573,
        0.9978790879249573,
        0.9978790879249573,
        1.0,
        1.0,
        1.0,
        1.0,
        1.0,
        1.0,
        1.0,
        1.0,
        1.0,
        1.0,
        1.0,
        1.0,
        1.0,
        1.0,
        1.0,
        1.0,
        1.0,
        1.0,
        0.998939573764801,
        1.0,
        1.0,
        1.0,
        1.0,
        1.0,
        1.0,
        1.0,
        1.0,
        1.0,
        1.0,
        1.0,
        1.0,
        1.0,
        1.0,
        1.0
    ],
    "val_loss": [
        0.5912511348724365,
        0.5330632925033569,
        0.3212568759918213,
        0.14919786155223846,
        0.08034050464630127,
        0.0655248761177063,
        0.04904109984636307,
        0.029930781573057175,
        0.024111967533826828,
        0.01275317370891571,
        0.01326316874474287,
        0.0038856917526572943,
        0.003720812266692519,
        0.0034332082141190767,
        0.0031949877738952637,
        0.0051093921065330505,
        0.0014438313664868474,
        0.0013013581046834588,
        0.0009712268365547061,
        0.00045707193203270435,
        0.0003025298938155174,
        0.0006812562933191657,
        0.0007122628740034997,
        0.0002927130553871393,
        0.0006960811442695558,
        0.0003832294896710664,
        0.00019565130060072988,
        0.00010260981798637658,
        2.0704586859210394e-05,
        4.2931751522701234e-05,
        0.0003121877380181104,
        0.00021924141037743539,
        0.00037700330722145736,
        0.0007376069552265108,
        0.0016092535806819797,
        0.0004903599037788808,
        5.191460877540521e-05,
        2.3291921024792828e-05,
        3.440562431933358e-05,
        5.3015912271803245e-05,
        0.0007399278692901134,
        0.00028634374029934406,
        8.894982602214441e-05,
        7.099658978404477e-05,
        0.0001022787910187617,
        0.00027446309104561806,
        0.0002538682892918587,
        0.00020210885850246996,
        0.0005461085238493979,
        0.0002985919127240777
    ]
}