{
    "accuracy": [
        0.991525411605835,
        0.9978813529014587,
        0.9904661178588867,
        0.9989407062530518,
        0.9989407062530518,
        0.9947034120559692,
        0.9883474707603455,
        0.9968220591545105,
        0.9957627058029175,
        0.9936440587043762,
        0.9989407062530518,
        0.9989407062530518,
        0.9947034120559692,
        0.9968220591545105,
        0.9947034120559692,
        0.9947034120559692,
        0.9957627058029175,
        0.9978813529014587,
        0.9957627058029175,
        0.9989407062530518,
        0.9978813529014587,
        0.9968220591545105,
        0.9957627058029175,
        0.9947034120559692,
        0.9957627058029175,
        0.9947034120559692,
        0.9968220591545105,
        0.9957627058029175,
        0.9957627058029175,
        0.9968220591545105,
        1.0,
        0.9957627058029175,
        0.9989407062530518,
        0.9968220591545105,
        1.0,
        0.9968220591545105,
        0.9978813529014587,
        0.9978813529014587,
        0.9978813529014587,
        0.9978813529014587,
        0.9989407062530518,
        0.9957627058029175,
        0.9968220591545105,
        1.0,
        0.9978813529014587,
        0.9978813529014587,
        0.9968220591545105,
        0.9989407062530518,
        0.9978813529014587,
        0.9989407062530518,
        1.0,
        0.9978813529014587,
        0.9978813529014587,
        0.9989407062530518,
        0.9989407062530518,
        1.0,
        1.0,
        0.9978813529014587,
        0.9989407062530518,
        0.9968220591545105,
        1.0,
        0.9968220591545105,
        1.0,
        1.0,
        0.9968220591545105,
        0.9989407062530518,
        0.9968220591545105,
        1.0,
        0.9978813529014587,
        0.9978813529014587,
        1.0,
        0.9989407062530518,
        0.9978813529014587,
        0.9989407062530518,
        0.9957627058029175,
        0.9968220591545105,
        1.0,
        1.0,
        0.9989407062530518,
        0.9978813529014587
    ],
    "loss": [
        0.8233752250671387,
        0.7902741432189941,
        0.7698233723640442,
        0.731805145740509,
        0.710591733455658,
        0.7138373255729675,
        0.6918068528175354,
        0.6465309262275696,
        0.6314117312431335,
        0.6142420768737793,
        0.5884265303611755,
        0.5719866156578064,
        0.5751086473464966,
        0.5478318929672241,
        0.537352979183197,
        0.540076494216919,
        0.5159197449684143,
        0.49692216515541077,
        0.4971984624862671,
        0.47622039914131165,
        0.46971291303634644,
        0.45412495732307434,
        0.4578949511051178,
        0.43955764174461365,
        0.4428642690181732,
        0.423254132270813,
        0.40450504422187805,
        0.4017975628376007,
        0.3899117112159729,
        0.3843074142932892,
        0.3644668161869049,
        0.38073012232780457,
        0.35100144147872925,
        0.3481881022453308,
        0.33156585693359375,
        0.3254668712615967,
        0.3178786039352417,
        0.3096075654029846,
        0.30370837450027466,
        0.2944108545780182,
        0.2856391966342926,
        0.28074124455451965,
        0.27606475353240967,
        0.2619936764240265,
        0.25741857290267944,
        0.2548995316028595,
        0.24749627709388733,
        0.23756574094295502,
        0.23251205682754517,
        0.22632400691509247,
        0.21852239966392517,
        0.21384185552597046,
        0.21149849891662598,
        0.20329166948795319,
        0.2026648372411728,
        0.19065986573696136,
        0.18384288251399994,
        0.1847323328256607,
        0.1753004491329193,
        0.17338630557060242,
        0.16396105289459229,
        0.16339708864688873,
        0.15439032018184662,
        0.151261568069458,
        0.15046073496341705,
        0.14243651926517487,
        0.14678962528705597,
        0.13372521102428436,
        0.13585349917411804,
        0.12897439301013947,
        0.12103605270385742,
        0.12007620185613632,
        0.14183197915554047,
        0.11416266113519669,
        0.15366637706756592,
        0.1271766573190689,
        0.11227061599493027,
        0.11081178486347198,
        0.10979782789945602,
        0.11275748908519745
    ],
    "val_accuracy": [
        0.988692581653595,
        0.9992932677268982,
        0.9929328560829163,
        0.9985865950584412,
        0.9985865950584412,
        1.0,
        0.9865724444389343,
        1.0,
        1.0,
        0.9985865950584412,
        0.9992932677268982,
        0.9992932677268982,
        0.9194346070289612,
        1.0,
        1.0,
        1.0,
        1.0,
        0.9992932677268982,
        0.9992932677268982,
        0.9992932677268982,
        1.0,
        1.0,
        1.0,
        0.9985865950584412,
        0.9992932677268982,
        1.0,
        1.0,
        1.0,
        0.9010600447654724,
        1.0,
        1.0,
        1.0,
        1.0,
        0.9992932677268982,
        0.9992932677268982,
        0.9992932677268982,
        0.9992932677268982,
        1.0,
        1.0,
        0.9992932677268982,
        1.0,
        1.0,
        1.0,
        1.0,
        1.0,
        1.0,
        1.0,
        1.0,
        0.9992932677268982,
        1.0,
        1.0,
        0.9992932677268982,
        0.9992932677268982,
        1.0,
        0.9985865950584412,
        0.9992932677268982,
        1.0,
        0.9992932677268982,
        0.9992932677268982,
        0.9992932677268982,
        0.9992932677268982,
        0.9992932677268982,
        0.9992932677268982,
        0.9992932677268982,
        0.9992932677268982,
        0.9992932677268982,
        0.9992932677268982,
        0.9992932677268982,
        0.9992932677268982,
        0.9992932677268982,
        0.9992932677268982,
        0.9992932677268982,
        1.0,
        0.9766784310340881,
        0.9901059865951538,
        0.9703180193901062,
        0.9872791767120361,
        0.9929328560829163,
        0.9992932677268982,
        0.9992932677268982
    ],