{
    "accuracy": [
        0.5052965879440308,
        0.5264830589294434,
        0.5275423526763916,
        0.5095338821411133,
        0.5349576473236084,
        0.5105932354927063,
        0.5360169410705566,
        0.5391949415206909,
        0.5561440587043762,
        0.5752118825912476,
        0.5646186470985413,
        0.5974576473236084,
        0.5889830589294434,
        0.6239407062530518,
        0.616525411605835,
        0.6239407062530518,
        0.6578390002250671,
        0.6864407062530518,
        0.7394067645072937,
        0.758474588394165,
        0.7680084705352783,
        0.7976694703102112,
        0.8326271176338196,
        0.8347457647323608,
        0.8760592937469482,
        0.9067796468734741,
        0.8877118825912476,
        0.9173728823661804,
        0.9406779408454895,
        0.9438559412956238,
        0.9364407062530518,
        0.9470338821411133,
        0.9661017060279846,
        0.9724576473236084,
        0.9512711763381958,
        0.9491525292396545,
        0.9480932354927063,
        0.9576271176338196,
        0.9597457647323608,
        0.9650423526763916,
        0.9671609997749329,
        0.9608050584793091,
        0.9671609997749329,
        0.9703390002250671,
        0.9798728823661804,
        0.9671609997749329,
        0.9713982939720154,
        0.9597457647323608,
        0.9819915294647217,
        0.9724576473236084,
        0.9798728823661804,
        0.9841101765632629,
        0.9851694703102112,
        0.9819915294647217,
        0.9745762944221497,
        0.9713982939720154,
        0.9798728823661804,
        0.9883474707603455,
        0.9851694703102112,
        0.9841101765632629,
        0.9894067645072937,
        0.991525411605835,
        0.9862288236618042,
        0.9936440587043762,
        0.9841101765632629,
        0.9883474707603455,
        0.9851694703102112,
        0.9894067645072937,
        0.9904661178588867,
        0.9936440587043762,
        0.9894067645072937,
        0.991525411605835,
        0.9936440587043762,
        0.9957627058029175,
        0.9904661178588867,
        0.9947034120559692,
        0.9883474707603455,
        0.991525411605835,
        0.9894067645072937,
        0.9904661178588867
    ],
    "loss": [
        4.189536094665527,
        2.5735597610473633,
        2.258268356323242,
        2.1513330936431885,
        1.9925345182418823,
        1.9619815349578857,
        1.9141992330551147,
        1.8770809173583984,
        1.8305435180664062,
        1.8235538005828857,
        1.812919020652771,
        1.7302520275115967,
        1.726559042930603,
        1.670346975326538,
        1.6553488969802856,
        1.64924156665802,
        1.621785283088684,
        1.5897729396820068,
        1.5312875509262085,
        1.5251003503799438,
        1.5002058744430542,
        1.4914723634719849,
        1.4439617395401,
        1.428444743156433,
        1.4181950092315674,
        1.3947099447250366,
        1.3867005109786987,
        1.3700244426727295,
        1.356175422668457,
        1.333713412284851,
        1.3331100940704346,
        1.3085607290267944,
        1.291179895401001,
        1.2845958471298218,
        1.284036636352539,
        1.2535266876220703,
        1.26279616355896,
        1.2420746088027954,
        1.214788794517517,
        1.2047439813613892,
        1.1649065017700195,
        1.1666887998580933,
        1.147735357284546,
        1.1194727420806885,
        1.103690505027771,
        1.100839614868164,
        1.0931990146636963,
        1.0870845317840576,
        1.0534355640411377,
        1.0620068311691284,
        1.0380667448043823,
        1.0331228971481323,
        1.0214875936508179,
        1.0187795162200928,
        1.0206468105316162,
        1.0212957859039307,
        1.0009716749191284,
        0.9899290204048157,
        0.9873601794242859,
        0.9814190864562988,
        0.9726434946060181,
        0.9635950326919556,
        0.9583382606506348,
        0.9384352564811707,
        0.9734411835670471,
        0.9356862902641296,
        0.9357560873031616,
        0.9225053191184998,
        0.9130077958106995,
        0.9011108875274658,
        0.9012272953987122,
        0.8911552429199219,
        0.8821439743041992,
        0.8712671995162964,
        0.883682906627655,
        0.86301589012146,
        0.8599459528923035,
        0.8555588722229004,
        0.8604447245597839,
        0.8415523171424866
    ],
    "val_accuracy": [
        0.4911660850048065,
        0.47349822521209717,
        0.4989399313926697,
        0.6212013959884644,
        0.49328622221946716,
        0.5229681730270386,
        0.7371024489402771,
        0.8360424041748047,
        0.8254417181015015,
        0.8282685279846191,
        0.8664311170578003,
        0.8946996331214905,
        0.9194346070289612,
        0.9144876599311829,
        0.9236749410629272,
        0.9257950782775879,
        0.9356890320777893,
        0.9540635943412781,
        0.9554770588874817,
        0.9865724444389343,
        0.9879858493804932,
        0.9901059865951538,
        0.9950529932975769,
        0.9957597255706787,
        0.9992932677268982,
        0.9992932677268982,
        0.9992932677268982,
        1.0,
        1.0,
        1.0,
        0.9992932677268982,
        0.9992932677268982,
        0.9985865950584412,
        1.0,
        1.0,
        0.9992932677268982,
        0.9992932677268982,
        1.0,
        0.9992932677268982,
        0.9992932677268982,
        1.0,
        1.0,
        1.0,
        1.0,
        1.0,
        1.0,
        1.0,
        1.0,
        1.0,
        1.0,
        1.0,
        1.0,
        1.0,
        1.0,
        1.0,
        1.0,
        1.0,
        1.0,
        1.0,
        1.0,
        1.0,
        1.0,
        1.0,
        1.0,
        1.0,
        1.0,
        1.0,
        1.0,
        0.9992932677268982,
        1.0,
        1.0,
        1.0,
        1.0,
        1.0,
        1.0,
        1.0,
        1.0,
        1.0,
        1.0,
        1.0
    ],